Task chain id, max data age, max reaction time
0, 61.4452, 91.4452
1, 19.0864, 19.0864
2, 1.50526, 1.50526
3, 52.6402, 52.6402
4, 101.954, 101.954
5, 21.038, 21.038
6, 1.36653, 1.36653
7, 8.17846, 8.17846
8, 100.996, 100.996
9, 202.476, 282.476
